Date,Price,Deaths,Pandemic disaster,Timestamp
1/6/2019,4004.1,,,1546347661
1/7/2019,3985.9,,,1546434061
1/8/2019,3971,,,1546520461
1/9/2019,3978,,,1546606861
1/10/2019,3603.7,,,1546693261
1/11/2019,3616.5,,,1546779661
1/12/2019,3597.2,,,1546866061
1/13/2019,3490.2,,,1546952461
1/14/2019,3638.1,,,1547038861
1/15/2019,3571.3,,,1547125261
1/16/2019,3588,,,1547211661
1/17/2019,3626.4,,,1547298061
1/18/2019,3605.6,,,1547384461
1/19/2019,3677.8,,,1547470861
1/20/2019,3542.3,,,1547557261
1/21/2019,3536.7,,,1547643661
1/22/2019,3580.1,,,1547730061
1/23/2019,3561.5,,,1547816461
1/24/2019,3574.3,,,1547902861
1/25/2019,3572,,,1547989261
1/26/2019,3570.9,,,1548075661
1/27/2019,3555.6,,,1548162061
1/28/2019,3442.8,,,1548248461
1/29/2019,3414.8,,,1548334861
1/30/2019,3460,,,1548421261
1/31/2019,3437.2,,,1548507661
2/1/2019,3467.9,,,1548594061
2/2/2019,3502.5,,,1548680461
2/3/2019,3459.1,,,1548766861
2/4/2019,3462.8,,,1548853261
2/5/2019,3468.4,,,1548939661
2/6/2019,3404.3,,,1549026061
2/7/2019,3397.7,,,1549112461
2/8/2019,3661.7,,,1549198861
2/9/2019,3661.4,,,1549285261
2/10/2019,3679,,,1549371661
2/11/2019,3631.8,,,1549458061
2/12/2019,3632,,,1549544461
2/13/2019,3611.5,,,1549630861
2/14/2019,3592.6,,,1549717261
2/15/2019,3604.7,,,1549803661
2/16/2019,3616.8,,,1549890061
2/17/2019,3664.2,,,1549976461
2/18/2019,3896,,,1550062861
2/19/2019,3914.3,,,1550149261
2/20/2019,3972.4,,,1550235661
2/21/2019,3936.6,,,1550322061
2/22/2019,3965.2,,,1550408461
2/23/2019,4120.4,,,1550494861
2/24/2019,3755.2,,,1550581261
2/25/2019,3833.7,,,1550667661
2/26/2019,3810.3,,,1550754061
2/27/2019,3814.6,,,1550840461
2/28/2019,3816.6,,,1550926861
3/1/2019,3821.9,,,1551013261
3/2/2019,3823.1,,,1551099661
3/3/2019,3809.5,,,1551186061
3/4/2019,3715.9,,,1551272461
3/5/2019,3857.2,,,1551358861
3/6/2019,3863,,,1551445261
3/7/2019,3875.1,,,1551531661
3/8/2019,3865.9,,,1551618061
3/9/2019,3944.3,,,1551704461
3/10/2019,3915.2,,,1551790861
3/11/2019,3870.3,,,1551877261
3/12/2019,3886,,,1551963661
3/13/2019,3865.1,,,1552050061
3/14/2019,3879,,,1552136461
3/15/2019,3924.3,,,1552222861
3/16/2019,4006.4,,,1552309261
3/17/2019,3981.5,,,1552395661
3/18/2019,3990.2,,,1552482061
3/19/2019,4017,,,1552568461
3/20/2019,4041.2,,,1552654861
3/21/2019,3982.2,,,1552741261
3/22/2019,3990.4,,,1552827661
3/23/2019,4002.5,,,1552914061
3/24/2019,3994.7,,,1553000461
3/25/2019,3937,,,1553086861
3/26/2019,3942.8,,,1553173261
3/27/2019,4041.7,,,1553259661
3/28/2019,4025.6,,,1553346061
3/29/2019,4102.2,,,1553432461
3/30/2019,4111.8,,,1553518861
3/31/2019,4102.3,,,1553605261
4/1/2019,4145.1,,,1553691661
4/2/2019,4859.3,,,1553778061
4/3/2019,4968.7,,,1553864461
4/4/2019,4902.4,,,1553950861
4/5/2019,5010.2,,,1554037261
4/6/2019,5046.2,,,1554123661
4/7/2019,5173.6,,,1554210061
4/8/2019,5245.2,,,1554296461
4/9/2019,5158.4,,,1554382861
4/10/2019,5307.8,,,1554469261
4/11/2019,5022.6,,,1554555661
4/12/2019,5054.2,,,1554642061
4/13/2019,5051.8,,,1554728461
4/14/2019,5134.8,,,1554814861
4/15/2019,5032.3,,,1554901261
4/16/2019,5180.9,,,1554987661
4/17/2019,5208.3,,,1555074061
4/18/2019,5264.7,,,1555160461
4/19/2019,5241,,,1555246861
4/20/2019,5290.2,,,1555333261
4/21/2019,5243.5,,,1555419661
4/22/2019,5346.7,,,1555506061
4/23/2019,5511.6,,,1555592461
4/24/2019,5415.6,,,1555678861
4/25/2019,5209.1,,,1555765261
4/26/2019,5298.3,,,1555851661
4/27/2019,5265.9,,,1555938061
4/28/2019,5302.3,,,1556024461
4/29/2019,5235,,,1556110861
4/30/2019,5320.8,,,1556197261
5/1/2019,5384.2,,,1556283661
5/2/2019,5493.8,,,1556370061
5/3/2019,5766.8,,,1556456461
5/4/2019,5830.9,,,1556542861
5/5/2019,5774.9,,,1556629261
5/6/2019,5745.1,,,1556715661
5/7/2019,5849.5,,,1556802061
5/8/2019,5990.3,,,1556888461
5/9/2019,6191.5,,,1556974861
5/10/2019,6386,,,1557061261
5/11/2019,7190.3,,,1557147661
5/12/2019,6984.8,,,1557234061
5/13/2019,7806,,,1557320461
5/14/2019,7994.6,,,1557406861
5/15/2019,8164.6,,,1557493261
5/16/2019,7871.8,,,1557579661
5/17/2019,7359.5,,,1557666061
5/18/2019,7262.6,,,1557752461
5/19/2019,8157.2,,,1557838861
5/20/2019,7965.3,,,1557925261
5/21/2019,7930.3,,,1558011661
5/22/2019,7635.7,,,1558098061
5/23/2019,7852.1,,,1558184461
5/24/2019,7970.1,,,1558270861
5/25/2019,8027.4,,,1558357261
5/26/2019,8630.2,,,1558443661
5/27/2019,8760.1,,,1558530061
5/28/2019,8716.3,,,1558616461
5/29/2019,8647.8,,,1558702861
5/30/2019,8271.9,,,1558789261
5/31/2019,8558.3,,,1558875661
6/1/2019,8545.7,,,1558962061
6/2/2019,8728.6,,,1559048461
6/3/2019,8124.8,,,1559134861
6/4/2019,7685.5,,,1559221261
6/5/2019,7779.1,,,1559307661
6/6/2019,7784.9,,,1559394061
6/7/2019,7985.2,,,1559480461
6/8/2019,7901.4,,,1559566861
6/9/2019,7635,,,1559653261
6/10/2019,7987.8,,,1559739661
6/11/2019,7888,,,1559826061
6/12/2019,8133.1,,,1559912461
6/13/2019,8219,,,1559998861
6/14/2019,8656.1,,,1560085261
6/15/2019,8812.5,,,1560171661
6/16/2019,8962.5,,,1560258061
6/17/2019,9318.8,,,1560344461
6/18/2019,9080.6,,,1560430861
6/19/2019,9255.4,,,1560517261
6/20/2019,9517,,,1560603661
6/21/2019,10179.3,,,1560690061
6/22/2019,10721.7,,,1560776461
6/23/2019,10897.1,,,1560862861
6/24/2019,11046.4,,,1560949261
6/25/2019,11809.9,,,1561035661
6/26/2019,13063.8,,,1561122061
6/27/2019,11287.8,,,1561208461
6/28/2019,12409.1,,,1561294861
6/29/2019,11906.5,,,1561381261
6/30/2019,10818.6,,,1561467661
7/1/2019,10616.6,,,1561554061
7/2/2019,10835.9,,,1561640461
7/3/2019,11900.8,,,1561726861
7/4/2019,11163.1,,,1561813261
7/5/2019,10970.2,,,1561899661
7/6/2019,11268,,,1561986061
7/7/2019,11415.9,,,1562072461
7/8/2019,12252.6,,,1562158861
7/9/2019,12541.5,,,1562245261
7/10/2019,12110.6,,,1562331661
7/11/2019,11342.3,,,1562418061
7/12/2019,11762.1,,,1562504461
7/13/2019,11364.9,,,1562590861
7/14/2019,10200.1,,,1562677261
7/15/2019,10845.9,,,1562763661
7/16/2019,9424.8,,,1562850061
7/17/2019,9723.2,,,1562936461
7/18/2019,10651.4,,,1563022861
7/19/2019,10571.5,,,1563109261
7/20/2019,10826.7,,,1563195661
7/21/2019,10714.4,,,1563282061
7/22/2019,10412.5,,,1563368461
7/23/2019,9888.7,,,1563454861
7/24/2019,9804.3,,,1563541261
7/25/2019,9945.3,,,1563627661
7/26/2019,9831,,,1563714061
7/27/2019,9492.1,,,1563800461
7/28/2019,9727.8,,,1563886861
7/29/2019,9580.9,,,1563973261
7/30/2019,9580.7,,,1564059661
7/31/2019,10082,,,1564146061
8/1/2019,10380,,,1564232461
8/2/2019,10520.1,,,1564318861
8/3/2019,10815.7,,,1564405261
8/4/2019,10934.6,,,1564491661
8/5/2019,11816.8,,,1564578061
8/6/2019,11480.9,,,1564664461
8/7/2019,12013.9,,,1564750861
8/8/2019,12191.6,,,1564837261
8/9/2019,12089.8,,,1564923661
8/10/2019,11314.5,,,1565010061
8/11/2019,11517.2,,,1565096461
8/12/2019,11394.2,,,1565182861
8/13/2019,10892.9,,,1565269261
8/14/2019,10049.4,,,1565355661
8/15/2019,10303.4,,,1565442061
8/16/2019,10335.6,,,1565528461
8/17/2019,10218.1,,,1565614861
8/18/2019,10312.7,,,1565701261
8/19/2019,10910.7,,,1565787661
8/20/2019,10752.6,,,1565874061
8/21/2019,10141.5,,,1565960461
8/22/2019,10105,,,1566046861
8/23/2019,10388.7,,,1566133261
8/24/2019,10131,,,1566219661
8/25/2019,10136.3,,,1566306061
8/26/2019,10371.8,,,1566392461
8/27/2019,10184.8,,,1566478861
8/28/2019,9729.4,,,1566565261
8/29/2019,9491,,,1566651661
8/30/2019,9585.4,,,1566738061
8/31/2019,9594.4,,,1566824461
9/1/2019,9729.3,,,1566910861
9/2/2019,10348.8,,,1566997261
9/3/2019,10612.3,,,1567083661
9/4/2019,10568.2,,,1567170061
9/5/2019,10566.9,,,1567256461
9/6/2019,10309.3,,,1567342861
9/7/2019,10461.1,,,1567429261
9/8/2019,10402.8,,,1567515661
9/9/2019,10309,,,1567602061
9/10/2019,10105.4,,,1567688461
9/11/2019,10162.5,,,1567774861
9/12/2019,10415.1,,,1567861261
9/13/2019,10342.1,,,1567947661
9/14/2019,10337.3,,,1568034061
9/15/2019,10311.5,,,1568120461
9/16/2019,10255.5,,,1568206861
9/17/2019,10195.7,,,1568293261
9/18/2019,10164.7,,,1568379661
9/19/2019,10250.5,,,1568466061
9/20/2019,10172.7,,,1568552461
9/21/2019,9993,,,1568638861
9/22/2019,10031.6,,,1568725261
9/23/2019,9702.2,,,1568811661
9/24/2019,8513.9,,,1568898061
9/25/2019,8432.4,,,1568984461
9/26/2019,8063.8,,,1569070861
9/27/2019,8184.9,,,1569157261
9/28/2019,8208.5,,,1569243661
9/29/2019,8049.1,,,1569330061
9/30/2019,8284.3,,,1569416461
10/1/2019,8302.7,,,1569502861
10/2/2019,8364.1,,,1569589261
10/3/2019,8226.9,,,1569675661
10/4/2019,8148.1,,,1569762061
10/5/2019,8127.3,,,1569848461
10/6/2019,7881.9,,,1569934861
10/7/2019,8198.6,,,1570021261
10/8/2019,8182.9,,,1570107661
10/9/2019,8566.7,,,1570194061
10/10/2019,8562.3,,,1570280461
10/11/2019,8267.8,,,1570366861
10/12/2019,8304.4,,,1570453261
10/13/2019,8281.5,,,1570539661
10/14/2019,8353.3,,,1570626061
10/15/2019,8167.2,,,1570712461
10/16/2019,8000.4,,,1570798861
10/17/2019,8073.3,,,1570885261
10/18/2019,7948.5,,,1570971661
10/19/2019,7957.3,,,1571058061
10/20/2019,8223.4,,,1571144461
10/21/2019,8208.2,,,1571230861
10/22/2019,8031.4,,,1571317261
10/23/2019,7477,,,1571403661
10/24/2019,7422.7,,,1571490061
10/25/2019,8658.3,,,1571576461
10/26/2019,9230.6,,,1571662861
10/27/2019,9529.6,,,1571749261
10/28/2019,9207.2,,,1571835661
10/29/2019,9411.3,,,1571922061
10/30/2019,9157.9,,,1572008461
10/31/2019,9152.6,,,1572094861
11/1/2019,9230.1,,,1572181261
11/2/2019,9300.6,,,1572267661
11/3/2019,9198.3,,,1572354061
11/4/2019,9396.4,,,1572440461
11/5/2019,9310.8,,,1572526861
11/6/2019,9338.9,,,1572613261
11/7/2019,9223.5,,,1572699661
11/8/2019,8778.2,,,1572786061
11/9/2019,8804.5,,,1572872461
11/10/2019,9036.8,,,1572958861
11/11/2019,8736.9,,,1573045261
11/12/2019,8812.6,,,1573131661
11/13/2019,8783.1,,,1573218061
11/14/2019,8661.2,,,1573304461
11/15/2019,8476.3,,,1573390861
11/16/2019,8497.3,,,1573477261
11/17/2019,8509.8,,,1573563661
11/18/2019,8208.4,,,1573650061
11/19/2019,8145.7,,,1573736461
11/20/2019,8099.3,,,1573822861
11/21/2019,7627.9,,,1573909261
11/22/2019,7272.5,,,1573995661
11/23/2019,7324.1,,,1574082061
11/24/2019,6924.7,,,1574168461
11/25/2019,7115.6,,,1574254861
11/26/2019,7162.8,,,1574341261
11/27/2019,7510.6,,,1574427661
11/28/2019,7426.7,,,1574514061
11/29/2019,7742.7,,,1574600461
11/30/2019,7546.6,,,1574686861
12/1/2019,7396.4,,,1574773261
12/2/2019,7298.2,,,1574859661
12/3/2019,7291.8,,,1574946061
12/4/2019,7204.4,,,1575032461
12/5/2019,7399.2,,,1575118861
12/6/2019,7530.8,,,1575205261
12/7/2019,7510.9,,,1575291661
12/8/2019,7524.4,,,1575378061
12/9/2019,7355.8,,,1575464461
12/10/2019,7235.7,,,1575550861
12/11/2019,7208,,,1575637261
12/12/2019,7208,,,1575723661
12/13/2019,7255.2,,,1575810061
12/14/2019,7080.8,,,1575896461
12/15/2019,7128.5,,,1575982861
12/16/2019,6903.5,,,1576069261
12/17/2019,6613.3,,,1576155661
12/18/2019,7276,,,1576242061
12/19/2019,7165.5,,,1576328461
12/20/2019,7196.4,,,1576414861
12/21/2019,7156.2,,,1576501261
12/22/2019,7495.8,,,1576587661
12/23/2019,7322.8,,,1576674061
12/24/2019,7268.3,,,1576760461
12/25/2019,7224.8,,,1576846861
12/26/2019,7210.9,,,1576933261
12/27/2019,7261.7,,,1577019661
12/28/2019,7321.5,,,1577106061
12/29/2019,7397.5,,,1577192461
12/30/2019,7261.8,,,1577278861
12/31/2019,7196.4,,,1577365261
1/1/2020,7199.8,,,1577451661
1/2/2020,6967,,,1577538061
1/3/2020,7343.1,,,1577624461
1/4/2020,7376.8,,,1577710861
1/5/2020,7372.5,,,1577797261
1/6/2020,7759.1,,,1577883661
1/7/2020,8155.7,,,1577970061
1/8/2020,8059.6,,,1578056461
1/9/2020,7842.4,,,1578142861
1/10/2020,8187.1,,,1578229261
1/11/2020,8024.1,,,1578315661
1/12/2020,8187.6,,,1578402061
1/13/2020,8111.4,,,1578488461
1/14/2020,8829.2,,,1578574861
1/15/2020,8818.3,,,1578661261
1/16/2020,8726.9,,,1578747661
1/17/2020,8913.1,,,1578834061
1/18/2020,8916.3,,,1578920461
1/19/2020,8706.2,,,1579006861
1/20/2020,8641.9,,,1579093261
1/21/2020,8732.6,,,1579179661
1/22/2020,8678.5,,,1579266061
1/23/2020,8405.1,,,1579352461
1/24/2020,8439.9,19,Covid,1579438861
1/25/2020,8341.6,15,Covid,1579525261
1/26/2020,8607.8,24,Covid,1579611661
1/27/2020,8866.6,26,Covid,1579698061
1/28/2020,9377.3,27,Covid,1579784461
1/29/2020,9298.9,39,Covid,1579870861
1/30/2020,9507.3,44,Covid,1579957261
1/31/2020,9349.1,46,Covid,1580043661
2/1/2020,9381.6,45,Covid,1580130061
2/2/2020,9334.9,58,Covid,1580216461
2/3/2020,9296.6,64,Covid,1580302861
2/4/2020,9193.9,67,Covid,1580389261
2/5/2020,9611.8,73,Covid,1580475661
2/6/2020,9772,73,Covid,1580562061
2/7/2020,9818.6,86,Covid,1580648461
2/8/2020,9895.5,94,Covid,1580734861
2/9/2020,10151.5,98,Covid,1580821261
2/10/2020,9854.1,108,Covid,1580907661
2/11/2020,10229.5,97,Covid,1580994061
2/12/2020,10317.7,146,Covid,1581080461
2/13/2020,10235.1,122,Covid,1581166861
2/14/2020,10333,133,Covid,1581253261
2/15/2020,9907.7,142,Covid,1581339661
2/16/2020,9932.3,106,Covid,1581426061
2/17/2020,9701.4,98,Covid,1581512461
2/18/2020,10158.4,136,Covid,1581598861
2/19/2020,9609.4,117,Covid,1581685261
2/20/2020,9602.4,121,Covid,1581771661
2/21/2020,9684.5,113,Covid,1581858061
2/22/2020,9655.7,100,Covid,1581944461
2/23/2020,9942.7,158,Covid,1582030861
2/24/2020,9662.7,81,Covid,1582117261
2/25/2020,9317.2,64,Covid,1582203661
2/26/2020,8800.3,37,Covid,1582290061
2/27/2020,8818.6,58,Covid,1582376461
2/28/2020,8697.5,65,Covid,1582462861
2/29/2020,8543.7,54,Covid,1582549261
3/1/2020,8540,73,Covid,1582635661
3/2/2020,8904.8,67,Covid,1582722061
3/3/2020,8761.4,85,Covid,1582808461
3/4/2020,8757.9,83,Covid,1582894861
3/5/2020,9060.3,104,Covid,1582981261
3/6/2020,9134.8,106,Covid,1583067661
3/7/2020,8887.8,108,Covid,1583154061
3/8/2020,8034.1,227,Covid,1583240461
3/9/2020,7933,197,Covid,1583326861
3/10/2020,7891.2,275,Covid,1583413261
3/11/2020,7935.1,330,Covid,1583499661
3/12/2020,4826,378,Covid,1583586061
3/13/2020,5584.3,450,Covid,1583672461
3/14/2020,5182.7,425,Covid,1583758861
3/15/2020,5366.3,704,Covid,1583845261
3/16/2020,5030,668,Covid,1583931661
3/17/2020,5261.1,841,Covid,1584018061
3/18/2020,5361.4,1002,Covid,1584104461
3/19/2020,6172,1071,Covid,1584190861
3/20/2020,6205.3,1387,Covid,1584277261
3/21/2020,6186.2,1654,Covid,1584363661
3/22/2020,5822.1,1706,Covid,1584450061
3/23/2020,6468.9,1985,Covid,1584536461
3/24/2020,6744.6,2551,Covid,1584622861
3/25/2020,6678.9,2576,Covid,1584709261
3/26/2020,6725.1,3046,Covid,1584795661
3/27/2020,6373.4,3513,Covid,1584882061
3/28/2020,6233.7,3796,Covid,1584968461
3/29/2020,5890.4,3433,Covid,1585054861
3/30/2020,6391,4314,Covid,1585141261
3/31/2020,6412.5,4660,Covid,1585227661
4/1/2020,6638.5,5359,Covid,1585314061
4/2/2020,6800.5,6311,Covid,1585400461
4/3/2020,6735.9,6208,Covid,1585486861
4/4/2020,6857.4,6263,Covid,1585573261
4/5/2020,6772.7,5222,Covid,1585659661
4/6/2020,7332.3,5868,Covid,1585746061
4/7/2020,7185.2,7729,Covid,1585832461
4/8/2020,7361.2,6981,Covid,1585918861
4/9/2020,7289,7858,Covid,1586005261
4/10/2020,6863.1,7371,Covid,1586091661
4/11/2020,6867.8,6474,Covid,1586178061
4/12/2020,6917.6,5900,Covid,1586264461
4/13/2020,6841.3,6022,Covid,1586350861
4/14/2020,6850.9,7709,Covid,1586437261
4/15/2020,6629.1,8528,Covid,1586523661
4/16/2020,7085.6,7205,Covid,1586610061
4/17/2020,7035.8,8915,Covid,1586696461
4/18/2020,7230.8,6989,Covid,1586782861
4/19/2020,7122.9,5396,Covid,1586869261
4/20/2020,6833.5,6303,Covid,1586955661
4/21/2020,6842.5,7803,Covid,1587042061
4/22/2020,7112.9,7101,Covid,1587128461
4/23/2020,7488.5,7219,Covid,1587214861
4/24/2020,7503.8,6926,Covid,1587301261
4/25/2020,7540.4,6729,Covid,1587387661
4/26/2020,7678.9,4528,Covid,1587474061
4/27/2020,7766,5298,Covid,1587560461
4/28/2020,7746.9,7641,Covid,1587646861
4/29/2020,8770.9,7493,Covid,1587733261
4/30/2020,8629,6450,Covid,1587819661
5/1/2020,8821.6,6684,Covid,1587906061
5/2/2020,8966.3,6352,Covid,1587992461
5/3/2020,8885.5,4542,Covid,1588078861
5/4/2020,8874.7,5402,Covid,1588165261
5/5/2020,9001,6704,Covid,1588251661
5/6/2020,9151.4,7536,Covid,1588338061
5/7/2020,9979.8,6413,Covid,1588424461
5/8/2020,9806.2,6193,Covid,1588510861
5/9/2020,9554.6,5462,Covid,1588597261
5/10/2020,8738.8,5141,Covid,1588683661
5/11/2020,8579.8,4657,Covid,1588770061
5/12/2020,8813.8,6523,Covid,1588856461
5/13/2020,9298.7,5954,Covid,1588942861
5/14/2020,9778.4,6004,Covid,1589029261
5/15/2020,9318,5829,Covid,1589115661
5/16/2020,9379.5,5025,Covid,1589202061
5/17/2020,9677.7,4104,Covid,1589288461
5/18/2020,9730.7,4554,Covid,1589374861
5/19/2020,9773.3,6031,Covid,1589461261
5/20/2020,9512.3,5449,Covid,1589547661
5/21/2020,9059,5780,Covid,1589634061
5/22/2020,9169.7,5570,Covid,1589720461
5/23/2020,9177,4847,Covid,1589806861
5/24/2020,8728.2,4152,Covid,1589893261
5/25/2020,8898.2,4459,Covid,1589979661
5/26/2020,8842.5,4710,Covid,1590066061
5/27/2020,9199.1,5763,Covid,1590152461
5/28/2020,9572.2,5336,Covid,1590238861
5/29/2020,9424.8,5422,Covid,1590325261
5/30/2020,9692.5,4838,Covid,1590411661
5/31/2020,9454.8,4130,Covid,1590498061
6/1/2020,10189.3,4130,Covid,1590584461
6/2/2020,9527.6,5648,Covid,1590670861
6/3/2020,9667.2,5659,Covid,1590757261
6/4/2020,9794.4,5643,Covid,1590843661
6/5/2020,9631.2,5319,Covid,1590930061
6/6/2020,9669.6,4935,Covid,1591016461
6/7/2020,9742.6,4422,Covid,1591102861
6/8/2020,9777.9,4286,Covid,1591189261
6/9/2020,9768.8,5574,Covid,1591275661
6/10/2020,9878.8,5902,Covid,1591362061
6/11/2020,9283.2,5572,Covid,1591448461
6/12/2020,9466.6,5408,Covid,1591534861
6/13/2020,9471.3,5124,Covid,1591621261
6/14/2020,9345.3,4339,Covid,1591707661
6/15/2020,9425.4,4570,Covid,1591794061
6/16/2020,9523.5,7433,Covid,1591880461
6/17/2020,9464.6,5914,Covid,1591966861
6/18/2020,9388.1,5895,Covid,1592053261
6/19/2020,9314,5827,Covid,1592139661
6/20/2020,9358.8,5060,Covid,1592226061
6/21/2020,9296.4,4426,Covid,1592312461
6/22/2020,9683.7,4043,Covid,1592398861
6/23/2020,9624.6,5860,Covid,1592485261
6/24/2020,9302,5541,Covid,1592571661
6/25/2020,9247.5,5579,Covid,1592658061
6/26/2020,9160,5361,Covid,1592744461
6/27/2020,9008.3,5129,Covid,1592830861
6/28/2020,9124,4253,Covid,1592917261
6/29/2020,9185.4,4740,Covid,1593003661
6/30/2020,9135.4,5748,Covid,1593090061
7/1/2020,9229.9,5513,Covid,1593176461
7/2/2020,9085.1,5670,Covid,1593262861
7/3/2020,9067.1,5700,Covid,1593349261
7/4/2020,9134.4,5221,Covid,1593435661
7/5/2020,9081,4328,Covid,1593522061
7/6/2020,9339,4588,Covid,1593608461
7/7/2020,9256,6221,Covid,1593694861
7/8/2020,9429.9,5918,Covid,1593781261
7/9/2020,9235.7,6097,Covid,1593867661
7/10/2020,9285.1,5983,Covid,1593954061
7/11/2020,9233.3,5647,Covid,1594040461
7/12/2020,9300.8,5057,Covid,1594126861
7/13/2020,9243.6,4821,Covid,1594213261
7/14/2020,9253.4,6359,Covid,1594299661
7/15/2020,9198.7,6347,Covid,1594386061
7/16/2020,9135.3,6641,Covid,1594472461
7/17/2020,9155.8,6306,Covid,1594558861
7/18/2020,9170.2,5771,Covid,1594645261
7/19/2020,9208,5130,Covid,1594731661
7/20/2020,9162.4,5082,Covid,1594818061
7/21/2020,9387.3,6711,Covid,1594904461
7/22/2020,9513.7,7609,Covid,1594990861
7/23/2020,9599.6,6875,Covid,1595077261
7/24/2020,9546.4,6875,Covid,1595163661
7/25/2020,9704.1,6323,Covid,1595250061
7/26/2020,9932.5,5103,Covid,1595336461
7/27/2020,11022.8,5317,Covid,1595422861
7/28/2020,10908.5,6484,Covid,1595509261
7/29/2020,11105.9,7256,Covid,1595595661
7/30/2020,11096.2,6954,Covid,1595682061
7/31/2020,11333.4,6759,Covid,1595768461
8/1/2020,11803.1,6180,Covid,1595854861
8/2/2020,11066.8,5034,Covid,1595941261
8/3/2020,11224.4,5395,Covid,1596027661
8/4/2020,11184.7,6865,Covid,1596114061
8/5/2020,11735.1,7386,Covid,1596200461
8/6/2020,11757.1,7033,Covid,1596286861
8/7/2020,11592,6970,Covid,1596373261
8/8/2020,11764.3,6001,Covid,1596459661
8/9/2020,11681.2,5383,Covid,1596546061
8/10/2020,11889.2,5340,Covid,1596632461
8/11/2020,11390.4,6712,Covid,1596718861
8/12/2020,11557.2,6978,Covid,1596805261
8/13/2020,11770.9,6994,Covid,1596891661
8/14/2020,11750.8,6457,Covid,1596978061
8/15/2020,11845.3,6030,Covid,1597064461
8/16/2020,11899,5140,Covid,1597150861
8/17/2020,12282.6,5191,Covid,1597237261
8/18/2020,11947.6,6877,Covid,1597323661
8/19/2020,11750.2,6899,Covid,1597410061
8/20/2020,11856.9,6631,Covid,1597496461
8/21/2020,11529.2,6611,Covid,1597582861
8/22/2020,11661.3,6089,Covid,1597669261
8/23/2020,11641.6,5054,Covid,1597755661
8/24/2020,11753.5,5028,Covid,1597842061
8/25/2020,11324.8,6666,Covid,1597928461
8/26/2020,11462.3,6606,Covid,1598014861
8/27/2020,11327.4,6481,Covid,1598101261
8/28/2020,11527.4,6223,Covid,1598187661
8/29/2020,11468.1,5692,Covid,1598274061
8/30/2020,11702,4704,Covid,1598360461
8/31/2020,11644.2,4893,Covid,1598446861
9/1/2020,11914.9,6405,Covid,1598533261
9/2/2020,11413.3,6517,Covid,1598619661
9/3/2020,10168.8,6155,Covid,1598706061
9/4/2020,10472.5,6090,Covid,1598792461
9/5/2020,10092.2,5307,Covid,1598878861
9/6/2020,10296.4,4599,Covid,1598965261
9/7/2020,10376.9,4542,Covid,1599051661
9/8/2020,10126.6,5035,Covid,1599138061
9/9/2020,10224.6,6094,Covid,1599224461
9/10/2020,10339.7,5920,Covid,1599310861
9/11/2020,10390.2,5936,Covid,1599397261
9/12/2020,10441.9,5266,Covid,1599483661
9/13/2020,10326,4357,Covid,1599570061
9/14/2020,10675.3,4764,Covid,1599656461
9/15/2020,10785.3,6304,Covid,1599742861
9/16/2020,10949.5,6003,Covid,1599829261
9/17/2020,10941.3,5675,Covid,1599915661
9/18/2020,10933,5782,Covid,1600002061
9/19/2020,11081.8,5185,Covid,1600088461
9/20/2020,10921.5,4318,Covid,1600174861
9/21/2020,10416.8,4218,Covid,1600261261
9/22/2020,10531.5,5730,Covid,1600347661
9/23/2020,10237.3,5832,Covid,1600434061
9/24/2020,10739.4,5435,Covid,1600520461
9/25/2020,10688.8,5516,Covid,1600606861
9/26/2020,10727.9,5260,Covid,1600693261
9/27/2020,10776.2,4116,Covid,1600779661
9/28/2020,10693.2,3941,Covid,1600866061
9/29/2020,10840.9,5758,Covid,1600952461
9/30/2020,10776.1,5701,Covid,1601038861
10/1/2020,10620.5,5587,Covid,1601125261
10/2/2020,10572.3,5743,Covid,1601211661
10/3/2020,10544.2,4930,Covid,1601298061
10/4/2020,10672.9,4331,Covid,1601384461
10/5/2020,10789.5,4691,Covid,1601470861
10/6/2020,10602.6,5859,Covid,1601557261
10/7/2020,10670.9,5983,Covid,1601643661
10/8/2020,10924.1,6538,Covid,1601730061
10/9/2020,11054.2,5983,Covid,1601816461
10/10/2020,11298.4,5306,Covid,1601902861
10/11/2020,11371,4662,Covid,1601989261
10/12/2020,11533.9,4236,Covid,1602075661
10/13/2020,11423.8,5239,Covid,1602162061
10/14/2020,11420.4,6192,Covid,1602248461
10/15/2020,11503,6139,Covid,1602334861
10/16/2020,11322,6373,Covid,1602421261
10/17/2020,11362.1,5780,Covid,1602507661
10/18/2020,11506.9,4344,Covid,1602594061
10/19/2020,11753.4,4932,Covid,1602680461
10/20/2020,11913.5,6539,Covid,1602766861
10/21/2020,12808.7,6904,Covid,1602853261
10/22/2020,12974.6,6583,Covid,1602939661
10/23/2020,12934.1,6695,Covid,1603026061
10/24/2020,13117.2,5932,Covid,1603112461
10/25/2020,13032.2,4805,Covid,1603198861
10/26/2020,13061.6,5622,Covid,1603285261
10/27/2020,13657.8,7330,Covid,1603371661
10/28/2020,13278.9,7164,Covid,1603458061
10/29/2020,13457.2,7208,Covid,1603544461
10/30/2020,13559.9,7554,Covid,1603630861
10/31/2020,13797.3,6932,Covid,1603717261
11/1/2020,13759.4,5841,Covid,1603803661
11/2/2020,13561.4,6445,Covid,1603890061
11/3/2020,14019.9,8631,Covid,1603976461
11/4/2020,14145.6,9396,Covid,1604062861
11/5/2020,15587.1,9320,Covid,1604149261
11/6/2020,15577.9,9439,Covid,1604235661
11/7/2020,14828.4,8069,Covid,1604322061
11/8/2020,15483.7,6707,Covid,1604408461
11/9/2020,15327.2,7522,Covid,1604494861
11/10/2020,15303.6,9749,Covid,1604581261
11/11/2020,15695.8,10191,Covid,1604667661
11/12/2020,16294.7,9933,Covid,1604754061
11/13/2020,16324.2,10235,Covid,1604840461
11/14/2020,16071,9716,Covid,1604926861
11/15/2020,15953,7594,Covid,1605013261
11/16/2020,16715.8,8270,Covid,1605099661
11/17/2020,17662.3,10967,Covid,1605186061
11/18/2020,17774.6,11982,Covid,1605272461
11/19/2020,17803.5,11386,Covid,1605358861
11/20/2020,18675.2,11404,Covid,1605445261
11/21/2020,18687.2,9660,Covid,1605531661
11/22/2020,18412.9,8400,Covid,1605618061
11/23/2020,18379.6,9018,Covid,1605704461
11/24/2020,19152.6,12362,Covid,1605790861
11/25/2020,18723,12395,Covid,1605877261
11/26/2020,17162,11471,Covid,1605963661
11/27/2020,17127.1,11285,Covid,1606050061
11/28/2020,17730.7,10028,Covid,1606136461
11/29/2020,18185.5,8255,Covid,1606222861
11/30/2020,19698.1,9362,Covid,1606309261
12/1/2020,18770.7,12630,Covid,1606395661
12/2/2020,19218.8,12574,Covid,1606482061
12/3/2020,19433.3,12829,Covid,1606568461
12/4/2020,18658.1,12498,Covid,1606654861
12/5/2020,19146.5,10858,Covid,1606741261
12/6/2020,19379.9,8520,Covid,1606827661
12/7/2020,19170.7,9286,Covid,1606914061
12/8/2020,18326.6,12492,Covid,1607000461
12/9/2020,18546,12606,Covid,1607086861
12/10/2020,18247.2,13026,Covid,1607173261
12/11/2020,18023.6,12669,Covid,1607259661
12/12/2020,18808.9,11333,Covid,1607346061
12/13/2020,19176.8,8611,Covid,1607432461
12/14/2020,19273.8,9855,Covid,1607518861
12/15/2020,19434.9,13438,Covid,1607605261
12/16/2020,21352.2,13910,Covid,1607691661
12/17/2020,22825.4,13501,Covid,1607778061
12/18/2020,23127.9,13130,Covid,1607864461
12/19/2020,23844,11557,Covid,1607950861
12/20/2020,23474.9,9017,Covid,1608037261
12/21/2020,22728.5,10618,Covid,1608123661
12/22/2020,23823.2,13811,Covid,1608210061
12/23/2020,23257.9,13742,Covid,1608296461
12/24/2020,23736.5,12279,Covid,1608382861
12/25/2020,24689.6,9537,Covid,1608469261
12/26/2020,26454.4,8133,Covid,1608555661
12/27/2020,26261.3,8702,Covid,1608642061
12/28/2020,27057.8,10552,Covid,1608728461
12/29/2020,27376,14717,Covid,1608814861
12/30/2020,28868.7,15571,Covid,1608901261
12/31/2020,28949.4,14192,Covid,1608987661
1/1/2021,29359.9,10584,Covid,1609074061
1/2/2021,32193.3,9152,Covid,1609160461
1/3/2021,32958.9,8564,Covid,1609246861
1/4/2021,32022.6,10594,Covid,1609333261
1/5/2021,33991.5,14762,Covid,1609419661
1/6/2021,36793.2,14961,Covid,1609506061
1/7/2021,39460.2,15161,Covid,1609592461
1/8/2021,40599.3,15454,Covid,1609678861
1/9/2021,40151.9,13080,Covid,1609765261
1/10/2021,38192.2,9962,Covid,1609851661
1/11/2021,35544.3,10798,Covid,1609938061
1/12/2021,34076.1,16608,Covid,1610024461
1/13/2021,37382.2,16789,Covid,1610110861
1/14/2021,39175.7,16044,Covid,1610197261
1/15/2021,36845.8,15576,Covid,1610283661
1/16/2021,36019.5,13883,Covid,1610370061
1/17/2021,35839.6,10093,Covid,1610456461
1/18/2021,36613.2,10684,Covid,1610542861
1/19/2021,36002.9,16066,Covid,1610629261
1/20/2021,35476.3,17426,Covid,1610715661
1/21/2021,30842.1,16944,Covid,1610802061
1/22/2021,33000.5,16070,Covid,1610888461
1/23/2021,32088.9,14712,Covid,1610974861
1/24/2021,32241.3,10432,Covid,1611061261
1/25/2021,32252.3,11141,Covid,1611147661
1/26/2021,32502.1,17012,Covid,1611234061
1/27/2021,30404,17530,Covid,1611320461
1/28/2021,33374.8,16800,Covid,1611406861
1/29/2021,34301.8,15352,Covid,1611493261
1/30/2021,34283.1,13154,Covid,1611579661
1/31/2021,33108.1,9763,Covid,1611666061
2/1/2021,33515.7,10946,Covid,1611752461
2/2/2021,35485.2,15545,Covid,1611838861
2/3/2021,37646.8,15426,Covid,1611925261
2/4/2021,36982.1,14337,Covid,1612011661
2/5/2021,38297.6,14298,Covid,1612098061
2/6/2021,39256.6,11674,Covid,1612184461
2/7/2021,38852.9,8211,Covid,1612270861
2/8/2021,46395.7,9534,Covid,1612357261
2/9/2021,46508.6,13592,Covid,1612443661
2/10/2021,44836,13791,Covid,1612530061
2/11/2021,47990.7,13207,Covid,1612616461
2/12/2021,47371.7,12188,Covid,1612702861
2/13/2021,47168.7,10536,Covid,1612789261
2/14/2021,48643.4,7341,Covid,1612875661
2/15/2021,47936.3,7430,Covid,1612962061
2/16/2021,49169.7,10381,Covid,1613048461
2/17/2021,52079.2,11147,Covid,1613134861
2/18/2021,51582.2,11309,Covid,1613221261
2/19/2021,55906.6,11220,Covid,1613307661
2/20/2021,55923.7,8876,Covid,1613394061
2/21/2021,57433.8,6941,Covid,1613480461
2/22/2021,54111.8,7250,Covid,1613566861
2/23/2021,48911.2,10831,Covid,1613653261
2/24/2021,49697.5,10606,Covid,1613739661
2/25/2021,46928.5,10609,Covid,1613826061
2/26/2021,46345.6,9874,Covid,1613912461
2/27/2021,46136.7,8462,Covid,1613998861
2/28/2021,45164,6619,Covid,1614085261
3/1/2021,49595.5,7266,Covid,1614171661
3/2/2021,48424.2,9895,Covid,1614258061
3/3/2021,50395.1,10892,Covid,1614344461
3/4/2021,48428,10119,Covid,1614430861
3/5/2021,48792.5,9784,Covid,1614517261
3/6/2021,48855.6,8122,Covid,1614603661
3/7/2021,50982.3,6126,Covid,1614690061
3/8/2021,52311,7102,Covid,1614776461
3/9/2021,54879,9150,Covid,1614862861
3/10/2021,55851.9,10059,Covid,1614949261
3/11/2021,57799.5,9807,Covid,1615035661
3/12/2021,57265.1,9560,Covid,1615122061
3/13/2021,61195.3,8394,Covid,1615208461
3/14/2021,59113.7,6218,Covid,1615294861
3/15/2021,55791.3,7274,Covid,1615381261
3/16/2021,56889.7,10259,Covid,1615467661
3/17/2021,58913.5,10458,Covid,1615554061
3/18/2021,57656,10191,Covid,1615640461
3/19/2021,58088,10524,Covid,1615726861
3/20/2021,58093.4,8635,Covid,1615813261
3/21/2021,57383.8,6317,Covid,1615899661
3/22/2021,54158.3,7698,Covid,1615986061
3/23/2021,54452.5,10853,Covid,1616072461
3/24/2021,52325.4,10389,Covid,1616158861
3/25/2021,51322.3,10778,Covid,1616245261
3/26/2021,55036.1,11658,Covid,1616331661
3/27/2021,55862.9,10144,Covid,1616418061
3/28/2021,55765.2,7243,Covid,1616504461
3/29/2021,57616.2,8114,Covid,1616590861
3/30/2021,58771.3,11370,Covid,1616677261
3/31/2021,58763.7,12212,Covid,1616763661
4/1/2021,58718.3,11813,Covid,1616850061
4/2/2021,58977.3,10693,Covid,1616936461
4/3/2021,57059.9,9168,Covid,1617022861
4/4/2021,58199.9,7623,Covid,1617109261
4/5/2021,58993.4,8101,Covid,1617195661
4/6/2021,57996.3,12489,Covid,1617282061
4/7/2021,55948.7,13245,Covid,1617368461
4/8/2021,58077.4,14034,Covid,1617454861
4/9/2021,58118.7,13572,Covid,1617541261
4/10/2021,59748.4,11466,Covid,1617627661
4/11/2021,59978.7,9030,Covid,1617714061
4/12/2021,59863.8,9591,Covid,1617800461
4/13/2021,63540.9,13188,Covid,1617886861
4/14/2021,62980.4,13806,Covid,1617973261
4/15/2021,63216,14287,Covid,1618059661
4/16/2021,61379.7,12991,Covid,1618146061
4/17/2021,60041.9,12104,Covid,1618232461
4/18/2021,56207.1,10125,Covid,1618318861
4/19/2021,55646.1,10707,Covid,1618405261
4/20/2021,56483.2,14733,Covid,1618491661
4/21/2021,53820.2,14318,Covid,1618578061
4/22/2021,51729.5,13844,Covid,1618664461
4/23/2021,51143.6,14760,Covid,1618750861
4/24/2021,50088.9,14164,Covid,1618837261
4/25/2021,48963.6,10563,Covid,1618923661
4/26/2021,54020.5,11554,Covid,1619010061
4/27/2021,55036.5,15664,Covid,1619096461
4/28/2021,54841.4,15710,Covid,1619182861
4/29/2021,53560.8,15880,Covid,1619269261
4/30/2021,57720.3,14689,Covid,1619355661
5/1/2021,57807.1,13972,Covid,1619442061
5/2/2021,56603.8,10927,Covid,1619528461
5/3/2021,57169.8,11677,Covid,1619614861
5/4/2021,53741.5,14804,Covid,1619701261
5/5/2021,57441.3,15276,Covid,1619787661
5/6/2021,56405.4,14656,Covid,1619874061
5/7/2021,57337.2,14586,Covid,1619960461
5/8/2021,58840.1,13639,Covid,1620046861
5/9/2021,58238.3,11095,Covid,1620133261
5/10/2021,55848.9,11696,Covid,1620219661
5/11/2021,56695.7,14614,Covid,1620306061
5/12/2021,49384.2,14696,Covid,1620392461
5/13/2021,49704.6,14581,Covid,1620478861
5/14/2021,49839.8,14218,Covid,1620565261
5/15/2021,46708.8,13433,Covid,1620651661
5/16/2021,46426.4,10778,Covid,1620738061
5/17/2021,43541.3,11636,Covid,1620824461
5/18/2021,42897.3,14927,Covid,1620910861
5/19/2021,36720.5,13757,Covid,1620997261
5/20/2021,40717.2,14100,Covid,1621083661
5/21/2021,37297.4,13677,Covid,1621170061
5/22/2021,37448.3,11776,Covid,1621256461
5/23/2021,34679.7,10655,Covid,1621342861
5/24/2021,38750.6,9687,Covid,1621429261
5/25/2021,38378.3,12940,Covid,1621515661
5/26/2021,39249.2,12818,Covid,1621602061
5/27/2021,38417.3,12015,Covid,1621688461
5/28/2021,35662.5,12121,Covid,1621774861
5/29/2021,34584.6,11092,Covid,1621861261
5/30/2021,35652.8,8685,Covid,1621947661
5/31/2021,37298.6,9085,Covid,1622034061
6/1/2021,36687.6,11166,Covid,1622120461
6/2/2021,37555.8,11428,Covid,1622206861
6/3/2021,39187.3,11140,Covid,1622293261
6/4/2021,36851.3,10566,Covid,1622379661
6/5/2021,35520,9463,Covid,1622466061
6/6/2021,35815.4,7873,Covid,1622552461
6/7/2021,33578,8010,Covid,1622638861
6/8/2021,33382.9,10350,Covid,1622725261
6/9/2021,37332.2,10292,Covid,1622811661
6/10/2021,36649.4,10264,Covid,1622898061
6/11/2021,37314.6,9511,Covid,1622984461
6/12/2021,35467.5,8737,Covid,1623070861
6/13/2021,39022.9,7000,Covid,1623157261
6/14/2021,40529.4,6865,Covid,1623243661
6/15/2021,40156.1,9309,Covid,1623330061
6/16/2021,38336,9536,Covid,1623416461
6/17/2021,38052,8804,Covid,1623502861
6/18/2021,35749.4,9135,Covid,1623589261
6/19/2021,35513.4,8824,Covid,1623675661
6/20/2021,35595.8,6902,Covid,1623762061
6/21/2021,31692,6518,Covid,1623848461
6/22/2021,32496.4,8993,Covid,1623934861
6/23/2021,33674.3,9147,Covid,1624021261
6/24/2021,34665.8,8734,Covid,1624107661
6/25/2021,31594,8803,Covid,1624194061
6/26/2021,32243.4,7754,Covid,1624280461
6/27/2021,34678.5,6435,Covid,1624366861
6/28/2021,34475.9,6422,Covid,1624453261
6/29/2021,35834.7,7949,Covid,1624539661
6/30/2021,35026.9,8854,Covid,1624626061
7/1/2021,33543.6,8378,Covid,1624712461
7/2/2021,33813.4,8593,Covid,1624798861
7/3/2021,34742.8,7406,Covid,1624885261
7/4/2021,35298.2,6378,Covid,1624971661
7/5/2021,33687.8,6389,Covid,1625058061
7/6/2021,34225.6,8298,Covid,1625144461
7/7/2021,33867.8,8491,Covid,1625230861
7/8/2021,32866.3,8930,Covid,1625317261
7/9/2021,33797.4,8536,Covid,1625403661
7/10/2021,33510.6,7711,Covid,1625490061
7/11/2021,34227.7,6649,Covid,1625576461
7/12/2021,33113,6584,Covid,1625662861
7/13/2021,32728.1,8204,Covid,1625749261
7/14/2021,32820.7,8704,Covid,1625835661
7/15/2021,31840.5,8624,Covid,1625922061
7/16/2021,31394,8765,Covid,1626008461
7/17/2021,31518.6,7414,Covid,1626094861
7/18/2021,31785.4,7130,Covid,1626181261
7/19/2021,30837.2,6997,Covid,1626267661
7/20/2021,29793.8,8539,Covid,1626354061
7/21/2021,32131.4,8720,Covid,1626440461
7/22/2021,32298.9,9035,Covid,1626526861
7/23/2021,33603.3,8791,Covid,1626613261
7/24/2021,33824.8,8547,Covid,1626699661
7/25/2021,35391.1,7187,Covid,1626786061
7/26/2021,37276.6,7651,Covid,1626872461
7/27/2021,39452,9629,Covid,1626958861
7/28/2021,40003.2,10321,Covid,1627045261
7/29/2021,40001.4,10589,Covid,1627131661
7/30/2021,42203.4,9530,Covid,1627218061
7/31/2021,41553.7,9270,Covid,1627304461
8/1/2021,39878.3,8109,Covid,1627390861
8/2/2021,39168.4,8376,Covid,1627477261
8/3/2021,38130.3,10376,Covid,1627563661
8/4/2021,39736.9,10215,Covid,1627650061
8/5/2021,40867.2,10620,Covid,1627736461
8/6/2021,42795.4,10364,Covid,1627822861
8/7/2021,44614.2,9731,Covid,1627909261
8/8/2021,43792.8,8605,Covid,1627995661
8/9/2021,46284.3,8404,Covid,1628082061
8/10/2021,45593.8,11054,Covid,1628168461
8/11/2021,45564.3,10735,Covid,1628254861
8/12/2021,44403.4,11005,Covid,1628341261
8/13/2021,47809.1,10525,Covid,1628427661
8/14/2021,47081.5,9449,Covid,1628514061
8/15/2021,46991.3,8893,Covid,1628600461
8/16/2021,45996.3,8344,Covid,1628686861
8/17/2021,44691.6,10605,Covid,1628773261
8/18/2021,44723.8,11081,Covid,1628859661
8/19/2021,46755.9,11503,Covid,1628946061
8/20/2021,49324,10822,Covid,1629032461
8/21/2021,48875.8,9695,Covid,1629118861
8/22/2021,49254.5,9182,Covid,1629205261
8/23/2021,49539.7,8199,Covid,1629291661
8/24/2021,47714.7,11060,Covid,1629378061
8/25/2021,48994.5,11873,Covid,1629464461
8/26/2021,46831.6,11363,Covid,1629550861
8/27/2021,49064.3,10594,Covid,1629637261
8/28/2021,48897.1,9819,Covid,1629723661
8/29/2021,48777.4,8412,Covid,1629810061
8/30/2021,46992.7,8339,Covid,1629896461
8/31/2021,47130.4,9748,Covid,1629982861
9/1/2021,48819.4,10982,Covid,1630069261
9/2/2021,49274.3,11336,Covid,1630155661
9/3/2021,49999,10455,Covid,1630242061
9/4/2021,49918.4,8995,Covid,1630328461
9/5/2021,51768.6,7625,Covid,1630414861
9/6/2021,52672.1,7586,Covid,1630501261
9/7/2021,46779.6,9149,Covid,1630587661
9/8/2021,46061.4,10267,Covid,1630674061
9/9/2021,46385.6,10271,Covid,1630760461
9/10/2021,44842.8,9657,Covid,1630846861
9/11/2021,45161.9,8984,Covid,1630933261
9/12/2021,46062.3,7156,Covid,1631019661
9/13/2021,44949.5,7442,Covid,1631106061
9/14/2021,47077.5,9451,Covid,1631192461
9/15/2021,48130.6,10810,Covid,1631278861
9/16/2021,47748,9879,Covid,1631365261
9/17/2021,47282.8,8979,Covid,1631451661
9/18/2021,48306.7,7935,Covid,1631538061
9/19/2021,47238.7,6856,Covid,1631624461
9/20/2021,42870.6,6325,Covid,1631710861
9/21/2021,40651.3,8819,Covid,1631797261
9/22/2021,43551.6,9761,Covid,1631883661
9/23/2021,44869.2,9190,Covid,1631970061
9/24/2021,42819.9,8936,Covid,1632056461
9/25/2021,42686.8,7136,Covid,1632142861
9/26/2021,43203.4,6052,Covid,1632229261
9/27/2021,42172.6,6007,Covid,1632315661
9/28/2021,41022.3,8663,Covid,1632402061
9/29/2021,41536.8,9212,Covid,1632488461
9/30/2021,43823.3,8318,Covid,1632574861
10/1/2021,48146,7744,Covid,1632661261
10/2/2021,47666.9,6794,Covid,1632747661
10/3/2021,48200.1,5549,Covid,1632834061
10/4/2021,49227.3,5463,Covid,1632920461
10/5/2021,51469.3,7873,Covid,1633006861
10/6/2021,55323.2,8571,Covid,1633093261
10/7/2021,53783.9,8105,Covid,1633179661
10/8/2021,53914.7,7995,Covid,1633266061
10/9/2021,54942.5,6454,Covid,1633352461
10/10/2021,54687.7,5106,Covid,1633438861
10/11/2021,57477.3,5151,Covid,1633525261
10/12/2021,56015.9,7184,Covid,1633611661
10/13/2021,57380.1,7871,Covid,1633698061
10/14/2021,57345.8,7869,Covid,1633784461
10/15/2021,61672.5,7304,Covid,1633870861
10/16/2021,60861.1,6292,Covid,1633957261
10/17/2021,61527.5,5014,Covid,1634043661
10/18/2021,62056.3,5355,Covid,1634130061
10/19/2021,64278.5,7478,Covid,1634216461
10/20/2021,65979.1,7666,Covid,1634302861
10/21/2021,62210.2,7654,Covid,1634389261
10/22/2021,60690.3,8042,Covid,1634475661
10/23/2021,61312.5,6509,Covid,1634562061
10/24/2021,60866.5,5409,Covid,1634648461
10/25/2021,63067,5679,Covid,1634734861
10/26/2021,60310.8,7917,Covid,1634821261
10/27/2021,58438.1,9018,Covid,1634907661
10/28/2021,60582.5,8296,Covid,1634994061
10/29/2021,62242.8,7942,Covid,1635080461
10/30/2021,61840.1,6727,Covid,1635166861
10/31/2021,61309.6,5218,Covid,1635253261
11/1/2021,60915.3,5728,Covid,1635339661
11/2/2021,63221.7,7388,Covid,1635426061
11/3/2021,62918.5,8061,Covid,1635512461
11/4/2021,61412.6,7811,Covid,1635598861
11/5/2021,60974.3,7949,Covid,1635685261
11/6/2021,61483.9,6995,Covid,1635771661
11/7/2021,63273.2,5242,Covid,1635858061
11/8/2021,67527.9,5963,Covid,1635944461
11/9/2021,66904.4,8029,Covid,1636030861
11/10/2021,64932.6,8641,Covid,1636117261
11/11/2021,64806.7,7644,Covid,1636203661
11/12/2021,64134.5,7930,Covid,1636290061
11/13/2021,64398.6,6747,Covid,1636376461
11/14/2021,65508.2,5230,Covid,1636462861
11/15/2021,63597.9,5796,Covid,1636549261
11/16/2021,60089.1,7853,Covid,1636635661
11/17/2021,60367.8,8653,Covid,1636722061
11/18/2021,56955.3,8434,Covid,1636808461
11/19/2021,58083.4,8031,Covid,1636894861
11/20/2021,59717.6,6653,Covid,1636981261
11/21/2021,58714.3,4945,Covid,1637067661
11/22/2021,56308.8,6151,Covid,1637154061
11/23/2021,57573.2,8520,Covid,1637240461
11/24/2021,57171.7,8463,Covid,1637326861
11/25/2021,58935.1,7844,Covid,1637413261
11/26/2021,53730.9,7278,Covid,1637499661
11/27/2021,54765.9,6515,Covid,1637586061
11/28/2021,57291.5,5074,Covid,1637672461
11/29/2021,57794.8,6088,Covid,1637758861
11/30/2021,56882.9,8217,Covid,1637845261
12/1/2021,57210.3,8815,Covid,1637931661
12/2/2021,56496,8089,Covid,1638018061
12/3/2021,53631.5,8106,Covid,1638104461
12/4/2021,49195.2,6683,Covid,1638190861
12/5/2021,49405.5,4871,Covid,1638277261
12/6/2021,50562.1,6252,Covid,1638363661
12/7/2021,50595.2,8423,Covid,1638450061
12/8/2021,50473.9,8319,Covid,1638536461
12/9/2021,47596.6,8377,Covid,1638622861
12/10/2021,47137.2,8263,Covid,1638709261
12/11/2021,49314.5,6595,Covid,1638795661
12/12/2021,50081,4936,Covid,1638882061
12/13/2021,46703.6,5806,Covid,1638968461
12/14/2021,48366.5,7949,Covid,1639054861
12/15/2021,48871.5,8558,Covid,1639141261
12/16/2021,47628.2,7564,Covid,1639227661
12/17/2021,46172.2,7550,Covid,1639314061
12/18/2021,46856.2,6196,Covid,1639400461
12/19/2021,46704.5,4714,Covid,1639486861
12/20/2021,46895.2,5870,Covid,1639573261
12/21/2021,48902,7872,Covid,1639659661
12/22/2021,48599.7,7995,Covid,1639746061
12/23/2021,50801,7334,Covid,1639832461
12/24/2021,50786.1,6434,Covid,1639918861
12/25/2021,50406.4,4728,Covid,1640005261
12/26/2021,50779.9,3973,Covid,1640091661
12/27/2021,50678.2,5531,Covid,1640178061
12/28/2021,47545.2,7248,Covid,1640264461
12/29/2021,46461.7,7737,Covid,1640350861
12/30/2021,47123.3,7570,Covid,1640437261
12/31/2021,46219.5,6459,Covid,1640523661
1/1/2022,47738,4750,Covid,1640610061
1/2/2022,47311.8,3815,Covid,1640696461
1/3/2022,46430.2,4903,Covid,1640782861
1/4/2022,45837.3,7523,Covid,1640869261
1/5/2022,43425.9,7812,Covid,1640955661
1/6/2022,43097.5,7719,Covid,1641042061
1/7/2022,41546.7,7000,Covid,1641128461
1/8/2022,41672,6090,Covid,1641214861
1/9/2022,41848.3,4377,Covid,1641301261
1/10/2022,41832.2,5629,Covid,1641387661
1/11/2022,42733.2,8747,Covid,1641474061
1/12/2022,43901,8928,Covid,1641560461
1/13/2022,42560,8397,Covid,1641646861
1/14/2022,43073.3,8334,Covid,1641733261
1/15/2022,43097,7126,Covid,1641819661
1/16/2022,43079.1,5198,Covid,1641906061
1/17/2022,42209.3,6148,Covid,1641992461
1/18/2022,42364.6,8665,Covid,1642078861
1/19/2022,41677.8,9633,Covid,1642165261
1/20/2022,40715.9,10001,Covid,1642251661
1/21/2022,36475.5,9510,Covid,1642338061
1/22/2022,35075.2,7513,Covid,1642424461
1/23/2022,36269.5,5970,Covid,1642510861
1/24/2022,36686.3,7176,Covid,1642597261
1/25/2022,36950.6,10616,Covid,1642683661
1/26/2022,36800.4,11167,Covid,1642770061
1/27/2022,37164.3,10951,Covid,1642856461
1/28/2022,37745.1,10884,Covid,1642942861
1/29/2022,38170.8,9105,Covid,1643029261
1/30/2022,37917.7,6940,Covid,1643115661
1/31/2022,38498.6,8464,Covid,1643202061
2/1/2022,38709.7,12092,Covid,1643288461
2/2/2022,36890.2,12603,Covid,1643374861
2/3/2022,37287.8,12312,Covid,1643461261
2/4/2022,41567.6,11757,Covid,1643547661
2/5/2022,41412.1,9197,Covid,1643634061
2/6/2022,42392.2,7313,Covid,1643720461
